benchmark,samples,subject,replicates,mean_returned,mean_estimate,estimator_variance,estimator_variance_se,plug_in_estimator_variance,mean_sampling_seconds,sampling_seconds_stdev
branching,1000,determinized,50,1000,1.2497,0.00045045918367346815,9.10064981209331e-05,0.00038782846,0.00318689422,0.0001650827391533687
branching,3000,determinized,50,3000,1.24893998,0.00014985345340775525,3.027496945395602e-05,0.00012953182,0.009440522619999999,9.10763341186134e-05
branching,10000,determinized,50,10000,1.249678,4.223358775510213e-05,8.532473227277101e-06,3.9024954e-05,0.03143012754,0.000255209444434207
branching,30000,determinized,50,30000,1.24921134,1.0144670677959173e-05,2.0495329797969317e-06,1.2981572e-05,0.09981548584,0.009678645275820274
branching,100000,determinized,50,100000,1.2497054,2.7081763673469584e-06,5.471342497143385e-07,3.9018998e-06,0.32502152922,0.02290343446849457
branching,1000,source,50,1000,1.2527244,0.0014706611208163266,0.0002971184146733237,0.0016276264,0.00322212822,0.00010641674041168789
branching,3000,source,50,3000,1.25205892,0.0006635017451771424,0.00013404759524110457,0.00054976966,0.009501925,9.312151897737193e-05
branching,10000,source,50,10000,1.25134064,0.0001483823247657144,2.997775658573178e-05,0.000164288192,0.03175442494,0.0007618942653723295
branching,30000,source,50,30000,1.2512661999999999,5.354067093877547e-05,1.0816848997167327e-05,5.4716616e-05,0.10321021336,0.014589015815167654
branching,100000,source,50,100000,1.25023928,1.6238077062857133e-05,3.280586972736004e-06,1.641011e-05,0.32042125256,0.011788448384639709
hmm,1000,determinized,50,599.44,9.8505529,0.0002002630177653094,4.045923939506637e-05,0.00018543250300941903,0.02820422832,0.019390019504984236
hmm,3000,determinized,50,1794,9.84988382,6.192100268122359e-05,1.2509931683932454e-05,6.210606688604341e-05,0.07642087248,0.005286156204835387
hmm,10000,determinized,50,5966.48,9.84960936,1.5869698194285536e-05,3.206163202446631e-06,1.8911614480480756e-05,0.25720100674,0.02806441477154808
hmm,30000,determinized,50,17898.42,9.84955216,4.753100667754937e-06,9.602713468090922e-07,6.2792614556382594e-06,0.7220582642,0.009763796913660347
hmm,100000,determinized,50,59651.94,9.84962164,1.593524398367445e-06,3.2194054516338106e-07,1.8807682662320488e-06,2.41402029826,0.054147146115784806
hmm,1000,source,50,599.44,9.84235578,0.02278953423593019,0.00460418119951692,0.020379200515289075,0.0263099817,0.004159351016415481
hmm,3000,source,50,1794,9.84889408,0.006676253971381209,0.001348806987453506,0.006851073687116873,0.07711345246,0.006026305742399419
hmm,10000,source,50,5966.48,9.85109274,0.0025836151064820264,0.0005219690747912699,0.0020552983963769006,0.25938105916,0.028035868841216335
hmm,30000,source,50,17898.42,9.85274966,0.0008296340079432633,0.00016761138083418728,0.0006852274712383751,0.72482590416,0.02248125730658382
hmm,100000,source,50,59651.94,9.85264788,0.0001805866107608163,3.648400487441964e-05,0.00020608232952940039,2.4065673534,0.03901679652579259
load,1000,determinized,50,1000,121.24724496,0.0012650999952228653,0.0002555887958574734,0.00144114528,0.08934517912,0.0005721262428535322
load,3000,determinized,50,3000,121.2433776,0.00035680694048976624,7.208588776992532e-05,0.00047963358,0.26708731756,0.0011951723350380962
load,10000,determinized,50,10000,121.2438266,0.00016586036983673417,3.350885492618955e-05,0.00014394332,0.89210244338,0.009004665087890322
load,30000,determinized,50,30000,121.24309748,4.856084090774613e-05,9.810771401710967e-06,4.7909318e-05,2.69338029164,0.04754879284880984
load,100000,determinized,50,100000,121.24419004,1.2778532447346567e-05,2.5816534134660245e-06,1.4402287e-05,9.13952743914,0.29993199457135294
load,1000,source,50,1000,121.22705382,0.0639355551010491,0.012916932734536566,0.05853157416,0.09144767746,0.004862176904265054
load,3000,source,50,3000,121.24143442,0.013543006304942703,0.002736100455964901,0.01943874842,0.27254988002,0.006787421983189351
load,10000,source,50,10000,121.23755476,0.005875148763043442,0.0011869592945222213,0.005851150338,0.90344256,0.003528042527225591
load,30000,source,50,30000,121.23898112,0.0019791708184751715,0.0003998528876772352,0.0019500649153333333,2.7407981535,0.07012365859197098
load,100000,source,50,100000,121.24594356,0.0006179834698433181,0.00012485151491068642,0.0005851093572,9.24154162414,0.2756849813431157
